date,city,hour,minute,temperature,feels_like,humidity,wind_speed,weather,rain
2023-04-22,Heroltice,8,0,8.99,7.8,74,2.26,Clear,0.0
2023-04-22,Heroltice,8,20,10.14,9.04,70,2.26,Clear,0.0
2023-04-22,Heroltice,8,40,13.33,12.26,59,2.26,Clear,0.0
2023-04-22,Heroltice,9,0,11.86,10.8,65,2.26,Clear,0.0
2023-04-22,Heroltice,9,20,13.64,12.65,61,2.26,Clear,0.0
2023-04-22,Heroltice,9,40,14.58,13.53,55,2.58,Clear,0.0
2023-04-22,Heroltice,10,0,15.58,14.5,50,2.58,Clear,0.0
2023-04-22,Heroltice,10,20,16.49,15.45,48,2.58,Clear,0.0
2023-04-22,Heroltice,10,40,18.22,17.19,42,2.8,Clear,0.0
2023-04-22,Heroltice,11,0,17.82,16.88,47,2.8,Clear,0.0
2023-04-22,Heroltice,11,20,18.02,17.05,45,2.8,Clear,0.0
2023-04-22,Heroltice,11,40,18.91,17.9,40,3.04,Clear,0.0
2023-04-22,Heroltice,12,0,18.67,17.72,43,3.04,Clear,0.0
2023-04-22,Heroltice,12,20,18.85,17.97,45,3.04,Clear,0.0
2023-04-22,Heroltice,12,40,19.68,18.7,38,3.49,Clear,0.0
2023-04-22,Heroltice,13,0,19.57,18.6,39,3.49,Clear,0.0
2023-04-22,Heroltice,13,20,19.93,18.94,37,3.49,Clear,0.0
2023-04-22,Heroltice,13,40,19.82,18.85,38,3.68,Clear,0.0
2023-04-22,Heroltice,14,0,19.25,18.33,42,3.68,Clear,0.0
2023-04-22,Heroltice,14,20,19.89,18.98,40,3.68,Clear,0.0
2023-04-22,Heroltice,14,40,20.29,19.42,40,3.85,Clear,0.0
2023-04-22,Heroltice,15,0,20.4,19.44,36,3.85,Clear,0.0
2023-04-22,Heroltice,15,20,19.99,18.98,36,3.85,Clear,0.0
2023-04-22,Heroltice,15,40,20.17,19.18,36,3.95,Clear,0.0
2023-04-22,Heroltice,16,0,20.42,19.48,37,3.95,Clear,0.0
2023-04-22,Heroltice,16,20,19.64,18.73,41,3.95,Clear,0.0
2023-04-22,Heroltice,16,40,19.65,18.72,40,3.98,Clear,0.0
2023-04-22,Heroltice,17,0,19.9,18.96,39,3.98,Clear,0.0
2023-04-22,Heroltice,17,20,19.49,18.51,39,3.98,Clear,0.0
2023-04-22,Heroltice,17,40,17.54,16.5,44,3.44,Clear,0.0
2023-04-22,Heroltice,18,0,19.34,18.32,38,3.44,Clear,0.0
2023-04-22,Heroltice,18,20,18.93,17.92,40,3.44,Clear,0.0
2023-04-22,Heroltice,18,40,17.97,16.97,44,2.62,Clear,0.0
2023-04-22,Heroltice,19,0,17.96,17.01,46,2.62,Clear,0.0
2023-04-22,Heroltice,19,20,17.96,17.04,47,2.62,Clear,0.0
2023-04-22,Heroltice,19,40,15.33,14.41,57,2.45,Clear,0.0
2023-04-23,Heroltice,8,0,9.73,8.9,76,1.97,Clouds,0.0
2023-04-23,Heroltice,8,20,10.96,10.02,73,1.97,Clouds,0.0
2023-04-23,Heroltice,8,40,12.52,11.58,67,1.95,Clouds,0.0
2023-04-23,Heroltice,9,0,13.89,13.01,64,1.95,Clouds,0.0
2023-04-23,Heroltice,9,20,13.19,12.29,66,1.95,Clouds,0.0
2023-04-23,Heroltice,9,40,15.46,14.58,58,1.9,Clouds,0.0
2023-04-23,Heroltice,10,0,15.15,14.21,57,1.9,Clouds,0.0
2023-04-23,Heroltice,10,20,15.82,15.05,61,1.9,Clouds,0.0
2023-04-23,Heroltice,10,40,17.35,16.47,51,1.93,Clouds,0.0
2023-04-23,Heroltice,11,0,17.54,16.68,51,1.93,Clouds,0.0
2023-04-23,Heroltice,11,20,17.26,16.45,54,1.93,Clouds,0.0
2023-04-23,Heroltice,11,40,18.27,17.43,49,1.9,Clouds,0.0
2023-04-23,Heroltice,12,0,18.43,17.71,53,1.9,Clouds,0.0
2023-04-23,Heroltice,12,20,19.36,18.68,51,1.9,Clouds,0.0
2023-04-23,Heroltice,12,40,19.47,18.7,47,1.44,Clouds,0.0
2023-04-23,Heroltice,13,0,20.01,19.27,46,1.44,Clouds,0.0
2023-04-23,Heroltice,13,20,19.94,19.16,45,1.44,Clouds,0.0
2023-04-23,Heroltice,13,40,19.85,19.09,46,0.67,Clouds,0.0
2023-04-23,Heroltice,14,0,20.22,19.52,47,0.67,Clouds,0.0
2023-04-23,Heroltice,14,20,20.35,19.72,49,0.67,Clouds,0.0
2023-04-23,Heroltice,14,40,20.48,19.86,49,0.6,Clouds,0.0
2023-04-23,Heroltice,15,0,20.47,19.88,50,0.6,Clouds,0.0
2023-04-23,Heroltice,15,20,20.0,19.39,51,0.6,Clouds,0.0
2023-04-23,Heroltice,15,40,20.1,19.52,52,1.78,Clouds,0.0
2023-04-23,Heroltice,16,0,20.11,19.51,51,1.78,Clouds,0.0
2023-04-23,Heroltice,16,20,20.08,19.5,52,1.78,Clouds,0.0
2023-04-23,Heroltice,16,40,19.69,19.1,53,2.06,Clouds,0.0
2023-04-23,Heroltice,17,0,19.94,19.37,53,2.06,Clouds,0.0
2023-04-23,Heroltice,17,20,19.66,18.99,50,2.06,Clouds,0.0
2023-04-23,Heroltice,17,40,19.4,18.78,53,2.31,Clouds,0.0
2023-04-23,Heroltice,18,0,19.4,18.78,53,2.31,Clouds,0.0
2023-04-23,Heroltice,18,20,19.39,18.77,53,2.31,Clouds,0.0
2023-04-23,Heroltice,18,40,17.15,16.64,66,1.81,Clouds,0.0
2023-04-23,Heroltice,19,0,17.2,16.44,56,1.81,Clouds,0.0
2023-04-23,Heroltice,19,20,17.2,16.49,58,1.81,Clouds,0.0
2023-04-23,Heroltice,19,40,15.52,15.09,75,2.26,Clouds,0.0
2023-05-06,Žamberk,8,0,10.64,9.64,72,1.83,Rain,2.14
2023-05-06,Žamberk,8,20,10.63,9.73,76,1.83,Rain,2.14
2023-05-06,Žamberk,8,40,10.4,9.53,78,1.03,Rain,1.2
2023-05-06,Žamberk,9,0,10.4,9.56,79,1.03,Rain,1.2
2023-05-06,Žamberk,9,20,10.4,9.58,80,1.03,Rain,1.2
2023-05-06,Žamberk,9,40,10.36,9.62,83,1.72,Rain,0.86
2023-05-06,Žamberk,10,0,10.36,9.67,85,1.72,Rain,0.86
2023-05-06,Žamberk,10,20,10.36,9.72,87,1.72,Rain,0.86
2023-05-06,Žamberk,10,40,11.86,11.35,86,3.66,Rain,0.1
2023-05-06,Žamberk,11,0,11.86,11.35,86,3.66,Rain,0.1
2023-05-06,Žamberk,11,20,11.87,11.36,86,3.66,Rain,0.1
2023-05-06,Žamberk,11,40,13.31,12.89,84,3.88,Clouds,0.0
2023-05-06,Žamberk,12,0,13.33,12.94,85,3.88,Clouds,0.0
2023-05-06,Žamberk,12,20,13.34,12.95,85,3.88,Clouds,0.0
2023-05-06,Žamberk,12,40,14.75,14.42,82,5.56,Clouds,0.0
2023-05-06,Žamberk,13,0,14.77,14.47,83,5.56,Clouds,0.0
2023-05-06,Žamberk,13,20,14.8,14.4,79,5.56,Clouds,0.0
2023-05-06,Žamberk,13,40,15.47,14.93,71,5.61,Clouds,0.0
2023-05-06,Žamberk,14,0,15.49,14.77,64,5.61,Clouds,0.0
2023-05-06,Žamberk,14,20,15.49,14.77,64,5.61,Clouds,0.0
2023-05-06,Žamberk,14,40,16.05,15.43,66,5.63,Clouds,0.0
2023-05-06,Žamberk,15,0,16.01,15.6,74,5.63,Clouds,0.0
2023-05-06,Žamberk,15,20,16.01,15.6,74,5.63,Clouds,0.0
2023-05-06,Žamberk,15,40,15.9,15.11,60,5.12,Clouds,0.0
2023-05-06,Žamberk,16,0,15.89,15.13,61,5.12,Clouds,0.0
2023-05-06,Žamberk,16,20,15.89,15.08,59,5.12,Clouds,0.0
2023-05-06,Žamberk,16,40,15.41,14.86,71,4.28,Clouds,0.0
2023-05-06,Žamberk,17,0,15.41,14.86,71,4.28,Clouds,0.0
2023-05-06,Žamberk,17,20,15.49,14.56,56,4.28,Clouds,0.0
2023-05-06,Žamberk,17,40,14.64,14.04,72,3.58,Clouds,0.0
2023-05-06,Žamberk,18,0,14.64,14.04,72,3.58,Clouds,0.0
2023-05-06,Žamberk,18,20,14.73,13.75,57,3.58,Clouds,0.0
2023-05-06,Žamberk,18,40,13.92,13.27,73,3.03,Clouds,0.0
2023-05-06,Žamberk,19,0,13.92,13.27,73,3.03,Clouds,0.0
2023-05-06,Žamberk,19,20,14.0,13.0,59,3.03,Clouds,0.0
2023-05-06,Žamberk,19,40,12.45,11.84,80,2.47,Clouds,0.0
2023-05-07,Žamberk,8,0,7.92,5.88,86,3.21,Clouds,0.0
2023-05-07,Žamberk,8,20,7.9,5.86,82,3.21,Clouds,0.0
2023-05-07,Žamberk,8,40,8.02,5.9,81,3.39,Clouds,0.0
2023-05-07,Žamberk,9,0,8.02,5.9,81,3.39,Clouds,0.0
2023-05-07,Žamberk,9,20,8.03,5.91,79,3.39,Clouds,0.0
2023-05-07,Žamberk,9,40,8.39,6.24,79,3.59,Clouds,0.0
2023-05-07,Žamberk,10,0,8.41,6.26,79,3.59,Clouds,0.0
2023-05-07,Žamberk,10,20,8.41,6.26,78,3.59,Clouds,0.0
2023-05-07,Žamberk,10,40,8.74,6.67,77,3.57,Clouds,0.0
2023-05-07,Žamberk,11,0,8.75,6.68,75,3.57,Clouds,0.0
2023-05-07,Žamberk,11,20,8.75,6.68,74,3.57,Clouds,0.0
2023-05-07,Žamberk,11,40,8.75,7.17,72,2.75,Clouds,0.0
2023-05-07,Žamberk,12,0,8.77,7.19,70,2.75,Clouds,0.0
2023-05-07,Žamberk,12,20,8.77,7.19,70,2.75,Clouds,0.0
2023-05-07,Žamberk,12,40,9.04,7.43,72,2.88,Clouds,0.0
2023-05-07,Žamberk,13,0,9.06,7.46,71,2.88,Clouds,0.0
2023-05-07,Žamberk,13,20,9.06,7.46,70,2.88,Clouds,0.0
2023-05-07,Žamberk,13,40,9.07,7.2,70,3.34,Clouds,0.0
2023-05-07,Žamberk,14,0,9.07,7.2,68,3.34,Clouds,0.0
2023-05-07,Žamberk,14,20,9.08,7.21,69,3.34,Clouds,0.0
2023-05-07,Žamberk,14,40,9.45,7.48,69,3.69,Clouds,0.0
2023-05-07,Žamberk,15,0,9.44,7.46,70,3.69,Clouds,0.0
2023-05-07,Žamberk,15,20,9.44,7.46,70,3.69,Clouds,0.0
2023-05-07,Žamberk,15,40,9.41,7.16,68,4.26,Clouds,0.0
2023-05-07,Žamberk,16,0,9.4,7.15,68,4.26,Clouds,0.0
2023-05-07,Žamberk,16,20,9.4,7.15,69,4.26,Clouds,0.0
2023-05-07,Žamberk,16,40,9.01,6.51,69,4.61,Clouds,0.0
2023-05-07,Žamberk,17,0,9.01,6.51,70,4.61,Clouds,0.0
2023-05-07,Žamberk,17,20,9.01,6.51,71,4.61,Clouds,0.0
2023-05-07,Žamberk,17,40,8.5,5.78,71,4.83,Clouds,0.0
2023-05-07,Žamberk,18,0,8.48,5.76,73,4.83,Clouds,0.0
2023-05-07,Žamberk,18,20,8.48,5.76,74,4.83,Clouds,0.0
2023-05-07,Žamberk,18,40,7.8,4.92,74,4.8,Clouds,0.0
2023-05-07,Žamberk,19,0,7.78,4.9,75,4.8,Clouds,0.0
2023-05-07,Žamberk,19,20,7.78,4.9,76,4.8,Clouds,0.0
2023-05-07,Žamberk,19,40,7.0,4.07,77,4.49,Clouds,0.0
2023-05-20,Blšany,8,0,11.76,11.26,87,5.32,Clouds,0.0
2023-05-20,Blšany,8,20,11.76,11.26,87,5.32,Clouds,0.0
2023-05-20,Blšany,8,40,12.97,12.49,83,5.41,Clouds,0.0
2023-05-20,Blšany,9,0,12.97,12.49,83,5.41,Clouds,0.0
2023-05-20,Blšany,9,20,12.97,12.49,83,5.41,Clouds,0.0
2023-05-20,Blšany,9,40,14.37,13.95,80,5.65,Clouds,0.0
2023-05-20,Blšany,10,0,14.37,13.95,80,5.65,Clouds,0.0
2023-05-20,Blšany,10,20,14.37,13.95,80,5.65,Clouds,0.0
2023-05-20,Blšany,10,40,16.25,15.91,76,5.94,Clouds,0.0
2023-05-20,Blšany,11,0,16.25,15.91,76,5.94,Clouds,0.0
2023-05-20,Blšany,11,20,16.25,15.91,76,5.94,Clouds,0.0
2023-05-20,Blšany,11,40,18.51,18.3,72,4.83,Clouds,0.0
2023-05-20,Blšany,12,0,18.51,18.3,72,4.83,Clouds,0.0
2023-05-20,Blšany,12,20,18.51,18.3,72,4.83,Clouds,0.0
2023-05-20,Blšany,12,40,19.91,19.81,71,5.07,Clouds,0.0
2023-05-20,Blšany,13,0,19.91,19.81,71,5.07,Clouds,0.0
2023-05-20,Blšany,13,20,19.91,19.81,71,5.07,Clouds,0.0
2023-05-20,Blšany,13,40,20.74,20.7,70,5.51,Clouds,0.0
2023-05-20,Blšany,14,0,20.74,20.7,70,5.51,Clouds,0.0
2023-05-20,Blšany,14,20,20.74,20.7,70,5.51,Clouds,0.0
2023-05-20,Blšany,14,40,21.67,21.62,66,5.56,Clouds,0.0
2023-05-20,Blšany,15,0,21.67,21.62,66,5.56,Clouds,0.0
2023-05-20,Blšany,15,20,21.67,21.62,66,5.56,Clouds,0.0
2023-05-20,Blšany,15,40,22.03,21.88,61,5.73,Rain,0.12
2023-05-20,Blšany,16,0,22.03,21.88,61,5.73,Rain,0.12
2023-05-20,Blšany,16,20,22.03,21.88,61,5.73,Rain,0.12
2023-05-20,Blšany,16,40,20.63,20.6,71,4.68,Rain,1.56
2023-05-20,Blšany,17,0,20.63,20.6,71,4.68,Rain,1.56
2023-05-20,Blšany,17,20,20.63,20.6,71,4.68,Rain,1.56
2023-05-20,Blšany,17,40,20.69,20.62,69,4.07,Rain,1.06
2023-05-20,Blšany,18,0,20.69,20.62,69,4.07,Rain,1.06
2023-05-20,Blšany,18,20,20.69,20.62,69,4.07,Rain,1.06
2023-05-20,Blšany,18,40,20.18,20.11,71,4.46,Rain,0.62
2023-05-20,Blšany,19,0,20.18,20.11,71,4.46,Rain,0.62
2023-05-20,Blšany,19,20,20.18,20.11,71,4.46,Rain,0.62
2023-05-20,Blšany,19,40,19.27,19.11,71,4.29,Clouds,0.0
2023-05-21,Blšany,8,0,15.71,15.5,83,3.35,Clouds,0.0
2023-05-21,Blšany,8,20,15.71,15.5,83,3.35,Clouds,0.0
2023-05-21,Blšany,8,40,17.63,17.46,77,3.66,Clouds,0.0
2023-05-21,Blšany,9,0,17.63,17.46,77,3.66,Clouds,0.0
2023-05-21,Blšany,9,20,17.63,17.46,77,3.66,Clouds,0.0
2023-05-21,Blšany,9,40,19.61,19.45,70,4.08,Clouds,0.0
2023-05-21,Blšany,10,0,19.61,19.45,70,4.08,Clouds,0.0
2023-05-21,Blšany,10,20,19.61,19.45,70,4.08,Clouds,0.0
2023-05-21,Blšany,10,40,21.15,21.04,66,4.42,Clouds,0.0
2023-05-21,Blšany,11,0,21.15,21.04,66,4.42,Clouds,0.0
2023-05-21,Blšany,11,20,21.15,21.04,66,4.42,Clouds,0.0
2023-05-21,Blšany,11,40,22.67,22.61,62,3.75,Clouds,0.0
2023-05-21,Blšany,12,0,22.67,22.61,62,3.75,Clouds,0.0
2023-05-21,Blšany,12,20,22.67,22.61,62,3.75,Clouds,0.0
2023-05-21,Blšany,12,40,23.75,23.67,57,4.55,Clouds,0.0
2023-05-21,Blšany,13,0,23.75,23.67,57,4.55,Clouds,0.0
2023-05-21,Blšany,13,20,23.75,23.67,57,4.55,Clouds,0.0
2023-05-21,Blšany,13,40,24.46,24.29,51,4.99,Clouds,0.0
2023-05-21,Blšany,14,0,24.46,24.29,51,4.99,Clouds,0.0
2023-05-21,Blšany,14,20,24.46,24.29,51,4.99,Clouds,0.0
2023-05-21,Blšany,14,40,24.47,24.28,50,5.35,Clouds,0.0
2023-05-21,Blšany,15,0,24.47,24.28,50,5.35,Clouds,0.0
2023-05-21,Blšany,15,20,24.47,24.28,50,5.35,Clouds,0.0
2023-05-21,Blšany,15,40,24.95,24.73,47,5.6,Clouds,0.0
2023-05-21,Blšany,16,0,24.95,24.73,47,5.6,Clouds,0.0
2023-05-21,Blšany,16,20,24.95,24.73,47,5.6,Clouds,0.0
2023-05-21,Blšany,16,40,25.13,24.87,45,5.38,Clouds,0.0
2023-05-21,Blšany,17,0,25.13,24.87,45,5.38,Clouds,0.0
2023-05-21,Blšany,17,20,25.13,24.87,45,5.38,Clouds,0.0
2023-05-21,Blšany,17,40,24.1,23.85,49,4.56,Clouds,0.0
2023-05-21,Blšany,18,0,24.1,23.85,49,4.56,Clouds,0.0
2023-05-21,Blšany,18,20,24.1,23.85,49,4.56,Clouds,0.0
2023-05-21,Blšany,18,40,23.11,22.86,53,4.3,Clouds,0.0
2023-05-21,Blšany,19,0,23.11,22.86,53,4.3,Clouds,0.0
2023-05-21,Blšany,19,20,23.11,22.86,53,4.3,Clouds,0.0
2023-05-21,Blšany,19,40,21.85,21.58,57,3.86,Clouds,0.0
2023-06-10,Pláně,8,0,15.71,15.24,73,3.13,Clouds,0.0
2023-06-10,Pláně,8,20,15.71,15.19,71,3.13,Clouds,0.0
2023-06-10,Pláně,8,40,16.97,16.58,71,4.19,Clouds,0.0
2023-06-10,Pláně,9,0,16.97,16.58,71,4.19,Clouds,0.0
2023-06-10,Pláně,9,20,16.99,16.55,69,4.19,Clouds,0.0
2023-06-10,Pláně,9,40,18.08,17.69,67,4.38,Clouds,0.0
2023-06-10,Pláně,10,0,18.02,17.78,73,4.38,Clouds,0.0
2023-06-10,Pláně,10,20,18.11,17.73,67,4.38,Clouds,0.0
2023-06-10,Pláně,10,40,19.11,18.93,71,4.29,Clouds,0.0
2023-06-10,Pláně,11,0,19.19,18.84,64,4.29,Clouds,0.0
2023-06-10,Pláně,11,20,19.19,18.84,64,4.29,Clouds,0.0
2023-06-10,Pláně,11,40,19.93,19.62,63,4.35,Clouds,0.0
2023-06-10,Pláně,12,0,19.93,19.7,66,4.35,Clouds,0.0
2023-06-10,Pláně,12,20,19.91,19.63,64,4.35,Clouds,0.0
2023-06-10,Pláně,12,40,20.14,19.91,65,4.66,Clouds,0.0
2023-06-10,Pláně,13,0,20.14,19.91,65,4.66,Clouds,0.0
2023-06-10,Pláně,13,20,20.15,19.84,62,4.66,Clouds,0.0
2023-06-10,Pláně,13,40,20.34,20.05,62,4.52,Clouds,0.0
2023-06-10,Pláně,14,0,20.37,20.06,61,4.52,Clouds,0.0
2023-06-10,Pláně,14,20,20.37,20.06,61,4.52,Clouds,0.0
2023-06-10,Pláně,14,40,21.27,20.97,58,4.75,Clouds,0.0
2023-06-10,Pláně,15,0,21.27,20.94,57,4.75,Clouds,0.0
2023-06-10,Pláně,15,20,21.25,20.94,58,4.75,Clouds,0.0
2023-06-10,Pláně,15,40,21.49,21.26,60,4.76,Clouds,0.0
2023-06-10,Pláně,16,0,21.55,21.07,50,4.76,Clouds,0.0
2023-06-10,Pláně,16,20,21.51,21.15,55,4.76,Clouds,0.0
2023-06-10,Pláně,16,40,21.55,21.22,56,4.93,Clouds,0.0
2023-06-10,Pláně,17,0,21.5,21.3,61,4.93,Clouds,0.0
2023-06-10,Pláně,17,20,21.5,21.3,61,4.93,Clouds,0.0
2023-06-10,Pláně,17,40,21.19,20.8,55,5.04,Rain,0.17
2023-06-10,Pláně,18,0,21.16,20.9,60,5.04,Rain,0.17
2023-06-10,Pláně,18,20,21.13,20.92,62,5.04,Rain,0.17
2023-06-10,Pláně,18,40,20.06,19.9,68,3.85,Rain,0.57
2023-06-10,Pláně,19,0,20.06,19.9,68,3.85,Rain,0.57
2023-06-10,Pláně,19,20,20.06,19.9,68,3.85,Rain,0.57
2023-06-10,Pláně,19,40,19.37,19.24,72,3.85,Clouds,0.0
2023-06-11,Pláně,8,0,15.93,15.35,68,2.88,Clear,0.0
2023-06-11,Pláně,8,20,15.93,15.35,68,2.88,Clear,0.0
2023-06-11,Pláně,8,40,17.74,17.24,64,3.48,Clear,0.0
2023-06-11,Pláně,9,0,17.74,17.24,64,3.48,Clear,0.0
2023-06-11,Pláně,9,20,17.74,17.24,64,3.48,Clear,0.0
2023-06-11,Pláně,9,40,19.15,18.66,59,3.92,Clear,0.0
2023-06-11,Pláně,10,0,19.16,18.57,55,3.92,Clear,0.0
2023-06-11,Pláně,10,20,19.1,18.63,60,3.92,Clear,0.0
2023-06-11,Pláně,10,40,20.28,19.7,51,4.57,Clouds,0.0
2023-06-11,Pláně,11,0,20.29,19.73,52,4.57,Clouds,0.0
2023-06-11,Pláně,11,20,20.22,19.76,56,4.57,Clouds,0.0
2023-06-11,Pláně,11,40,21.27,20.76,50,4.18,Clouds,0.0
2023-06-11,Pláně,12,0,21.27,20.76,50,4.18,Clouds,0.0
2023-06-11,Pláně,12,20,21.27,20.76,50,4.18,Clouds,0.0
2023-06-11,Pláně,12,40,21.74,21.17,46,4.49,Clouds,0.0
2023-06-11,Pláně,13,0,21.74,21.17,46,4.49,Clouds,0.0
2023-06-11,Pláně,13,20,21.79,21.12,42,4.49,Clouds,0.0
2023-06-11,Pláně,13,40,22.06,21.29,37,4.66,Clouds,0.0
2023-06-11,Pláně,14,0,21.98,21.41,45,4.66,Clouds,0.0
2023-06-11,Pláně,14,20,21.98,21.41,45,4.66,Clouds,0.0
2023-06-11,Pláně,14,40,22.07,21.51,45,4.72,Clouds,0.0
2023-06-11,Pláně,15,0,22.07,21.51,45,4.72,Clouds,0.0
2023-06-11,Pláně,15,20,22.07,21.51,45,4.72,Clouds,0.0
2023-06-11,Pláně,15,40,22.25,21.73,46,4.59,Clear,0.0
2023-06-11,Pláně,16,0,22.25,21.73,46,4.59,Clear,0.0
2023-06-11,Pláně,16,20,22.25,21.73,46,4.59,Clear,0.0
2023-06-11,Pláně,16,40,22.27,21.75,46,4.45,Clear,0.0
2023-06-11,Pláně,17,0,22.27,21.75,46,4.45,Clear,0.0
2023-06-11,Pláně,17,20,22.27,21.75,46,4.45,Clear,0.0
2023-06-11,Pláně,17,40,21.97,21.42,46,4.46,Clouds,0.0
2023-06-11,Pláně,18,0,21.97,21.42,46,4.46,Clouds,0.0
2023-06-11,Pláně,18,20,21.97,21.42,46,4.46,Clouds,0.0
2023-06-11,Pláně,18,40,21.71,21.14,46,3.96,Clear,0.0
2023-06-11,Pláně,19,0,21.71,21.14,46,3.96,Clear,0.0
2023-06-11,Pláně,19,20,21.71,21.14,46,3.96,Clear,0.0
2023-06-11,Pláně,19,40,20.54,19.93,49,3.09,Clear,0.0
2023-06-24,Prostějov,8,0,17.47,17.57,88,1.79,Clouds,0.0
2023-06-24,Prostějov,8,20,17.43,17.53,88,2.24,Clouds,0.0
2023-06-24,Prostějov,8,40,17.27,17.38,89,1.79,Clouds,0.0
2023-06-24,Prostějov,9,0,17.4,17.44,86,1.79,Clouds,0.0
2023-06-24,Prostějov,9,20,17.64,17.63,83,1.79,Clouds,0.0
2023-06-24,Prostějov,9,40,17.75,17.75,83,1.79,Clouds,0.0
2023-06-24,Prostějov,10,0,17.8,17.78,82,1.79,Clouds,0.0
2023-06-24,Prostějov,10,20,17.97,17.89,79,2.24,Clouds,0.0
2023-06-24,Prostějov,10,40,18.53,18.48,78,1.79,Clouds,0.0
2023-06-24,Prostějov,11,0,18.61,18.54,77,1.79,Clouds,0.0
2023-06-24,Prostějov,11,20,18.7,18.58,75,2.24,Clouds,0.0
2023-06-24,Prostějov,11,40,17.88,17.76,78,4.2,Clouds,0.0
2023-06-24,Prostějov,12,0,17.88,17.76,78,4.2,Clouds,0.0
2023-06-24,Prostějov,12,20,17.88,17.76,78,4.2,Clouds,0.0
2023-06-24,Prostějov,12,40,18.78,18.88,83,2.24,Clouds,0.0
2023-06-24,Prostějov,13,0,18.62,18.73,84,2.24,Clouds,0.0
2023-06-24,Prostějov,13,20,18.57,18.75,87,2.24,Clouds,0.0
2023-06-24,Prostějov,13,40,19.2,19.45,87,1.34,Clouds,0.0
2023-06-24,Prostějov,14,0,19.2,19.42,86,1.79,Clouds,0.0
2023-06-24,Prostějov,14,20,19.2,19.42,86,1.34,Clouds,0.0
2023-06-24,Prostějov,14,40,19.91,20.15,84,1.79,Clouds,0.0
2023-06-24,Prostějov,15,0,19.91,20.18,85,1.34,Clouds,0.0
2023-06-24,Prostějov,15,20,20.01,20.23,83,1.34,Clouds,0.0
2023-06-24,Prostějov,15,40,20.66,20.66,72,1.34,Clouds,0.0
2023-06-24,Prostějov,16,0,20.63,20.63,72,1.34,Clouds,0.0
2023-06-24,Prostějov,16,20,20.58,20.57,72,1.79,Clouds,0.0
2023-06-24,Prostějov,16,40,20.64,20.67,73,1.79,Clouds,0.0
2023-06-24,Prostějov,17,0,20.6,20.62,73,1.34,Clouds,0.0
2023-06-24,Prostějov,17,20,20.6,20.6,72,0.89,Clouds,0.0
2023-06-24,Prostějov,17,40,20.61,20.63,73,0.89,Clouds,0.0
2023-06-24,Prostějov,18,0,20.56,20.55,72,0.45,Clouds,0.0
2023-06-24,Prostějov,18,20,20.56,20.5,70,0.45,Clouds,0.0
2023-06-24,Prostějov,18,40,20.33,20.25,70,0.45,Clouds,0.0
2023-06-24,Prostějov,19,0,20.29,20.23,71,0.45,Clouds,0.0
2023-06-24,Prostějov,19,20,20.29,20.25,72,0.45,Clouds,0.0
2023-06-24,Prostějov,19,40,19.9,19.77,70,0.45,Clouds,0.0
2023-06-25,Prostějov,8,0,18.37,18.12,71,2.75,Clear,0.0
2023-06-25,Prostějov,8,20,18.37,18.12,71,2.75,Clear,0.0
2023-06-25,Prostějov,8,40,20.54,20.29,63,3.01,Clear,0.0
2023-06-25,Prostějov,9,0,20.54,20.29,63,3.01,Clear,0.0
2023-06-25,Prostějov,9,20,20.54,20.29,63,3.01,Clear,0.0
2023-06-25,Prostějov,9,40,21.85,21.63,59,3.16,Clouds,0.0
2023-06-25,Prostějov,10,0,21.85,21.63,59,3.16,Clouds,0.0
2023-06-25,Prostějov,10,20,21.85,21.63,59,3.16,Clouds,0.0
2023-06-25,Prostějov,10,40,22.96,22.72,54,3.33,Clouds,0.0
2023-06-25,Prostějov,11,0,22.96,22.72,54,3.33,Clouds,0.0
2023-06-25,Prostějov,11,20,22.96,22.72,54,3.33,Clouds,0.0
2023-06-25,Prostějov,11,40,24.11,23.86,49,2.98,Clouds,0.0
2023-06-25,Prostějov,12,0,24.46,24.08,43,2.98,Clouds,0.0
2023-06-25,Prostějov,12,20,24.46,24.06,42,2.98,Clouds,0.0
2023-06-25,Prostějov,12,40,24.72,24.45,46,3.28,Clouds,0.0
2023-06-25,Prostějov,13,0,25.06,24.69,41,3.28,Clouds,0.0
2023-06-25,Prostějov,13,20,24.72,24.45,46,3.28,Clouds,0.0
2023-06-25,Prostějov,13,40,25.75,25.66,49,0.89,Clouds,0.0
2023-06-25,Prostějov,14,0,25.66,25.56,49,0.89,Clouds,0.0
2023-06-25,Prostějov,14,20,25.5,25.57,56,0.89,Clouds,0.0
2023-06-25,Prostějov,14,40,25.97,25.97,47,0.89,Clouds,0.0
2023-06-25,Prostějov,15,0,25.97,25.97,49,1.34,Clouds,0.0
2023-06-25,Prostějov,15,20,25.77,25.86,56,0.89,Clouds,0.0
2023-06-25,Prostějov,15,40,25.89,26.0,56,0.89,Clouds,0.0
2023-06-25,Prostějov,16,0,25.85,25.56,41,3.55,Clouds,0.0
2023-06-25,Prostějov,16,20,25.89,26.0,56,1.34,Clouds,0.0
2023-06-25,Prostějov,16,40,25.48,25.21,43,3.82,Clouds,0.0
2023-06-25,Prostějov,17,0,25.48,25.21,43,3.82,Clouds,0.0
2023-06-25,Prostějov,17,20,25.48,25.21,43,3.82,Clouds,0.0
2023-06-25,Prostějov,17,40,25.11,25.14,56,0.89,Clouds,0.0
2023-06-25,Prostějov,18,0,25.11,25.16,57,0.89,Clouds,0.0
2023-06-25,Prostějov,18,20,25.08,25.05,54,0.89,Clouds,0.0
2023-06-25,Prostějov,18,40,24.47,24.49,58,0.89,Clouds,0.0
2023-06-25,Prostějov,19,0,24.33,24.31,57,0.89,Clouds,0.0
2023-06-25,Prostějov,19,20,24.12,24.15,60,0.45,Clouds,0.0
2023-06-25,Prostějov,19,40,23.38,23.37,61,0.89,Clouds,0.0
2023-07-01,Nové Město pod Smrkem,8,0,15.58,15.47,87,1.77,Clouds,0.0
2023-07-01,Nové Město pod Smrkem,8,20,15.67,15.43,82,1.77,Clouds,0.0
2023-07-01,Nové Město pod Smrkem,8,40,16.23,16.05,82,2.42,Rain,0.31
2023-07-01,Nové Město pod Smrkem,9,0,16.32,16.04,78,2.42,Rain,0.31
2023-07-01,Nové Město pod Smrkem,9,20,16.1,16.27,96,2.42,Rain,0.31
2023-07-01,Nové Město pod Smrkem,9,40,17.29,17.01,74,2.09,Rain,0.4
2023-07-01,Nové Město pod Smrkem,10,0,17.2,16.93,75,2.09,Rain,0.4
2023-07-01,Nové Město pod Smrkem,10,20,17.29,16.98,73,2.09,Rain,0.4
2023-07-01,Nové Město pod Smrkem,10,40,18.24,17.82,65,2.48,Clouds,0.0
2023-07-01,Nové Město pod Smrkem,11,0,18.2,17.69,62,2.48,Clouds,0.0
2023-07-01,Nové Město pod Smrkem,11,20,18.24,17.56,55,2.48,Clouds,0.0
2023-07-01,Nové Město pod Smrkem,11,40,19.46,18.85,53,2.76,Clouds,0.0
2023-07-01,Nové Město pod Smrkem,12,0,19.51,18.87,52,2.76,Clouds,0.0
2023-07-01,Nové Město pod Smrkem,12,20,19.55,18.84,49,2.76,Clouds,0.0
2023-07-01,Nové Město pod Smrkem,12,40,20.21,19.51,47,3.27,Clouds,0.0
2023-07-01,Nové Město pod Smrkem,13,0,20.25,19.51,45,3.27,Clouds,0.0
2023-07-01,Nové Město pod Smrkem,13,20,20.25,19.48,44,3.27,Clouds,0.0
2023-07-01,Nové Město pod Smrkem,13,40,21.38,20.75,45,3.51,Clouds,0.0
2023-07-01,Nové Město pod Smrkem,14,0,21.42,20.82,46,3.51,Clouds,0.0
2023-07-01,Nové Město pod Smrkem,14,20,21.42,20.74,43,3.51,Clouds,0.0
2023-07-01,Nové Město pod Smrkem,14,40,21.71,21.01,41,3.58,Clouds,0.0
2023-07-01,Nové Město pod Smrkem,15,0,21.71,21.01,41,3.58,Clouds,0.0
2023-07-01,Nové Město pod Smrkem,15,20,21.66,20.95,41,3.58,Clouds,0.0
2023-07-01,Nové Město pod Smrkem,15,40,21.59,20.9,42,3.62,Clouds,0.0
2023-07-01,Nové Město pod Smrkem,16,0,21.59,20.93,43,3.62,Clouds,0.0
2023-07-01,Nové Město pod Smrkem,16,20,21.64,21.03,45,3.62,Clouds,0.0
2023-07-01,Nové Město pod Smrkem,16,40,22.0,21.35,42,3.85,Clouds,0.0
2023-07-01,Nové Město pod Smrkem,17,0,22.0,21.33,41,3.85,Clouds,0.0
2023-07-01,Nové Město pod Smrkem,17,20,21.96,21.36,44,3.85,Clouds,0.0
2023-07-01,Nové Město pod Smrkem,17,40,22.02,21.4,43,4.04,Clouds,0.0
2023-07-01,Nové Město pod Smrkem,18,0,21.97,21.35,43,4.04,Clouds,0.0
2023-07-01,Nové Město pod Smrkem,18,20,21.97,21.4,45,4.04,Clouds,0.0
2023-07-01,Nové Město pod Smrkem,18,40,21.87,21.42,50,3.3,Clouds,0.0
2023-07-01,Nové Město pod Smrkem,19,0,21.89,21.31,45,3.3,Clouds,0.0
2023-07-01,Nové Město pod Smrkem,19,20,21.89,21.36,47,3.3,Clouds,0.0
2023-07-01,Nové Město pod Smrkem,19,40,20.79,20.39,56,2.3,Clouds,0.0
2023-07-02,Nové Město pod Smrkem,8,0,15.45,15.35,88,2.82,Rain,0.25
2023-07-02,Nové Město pod Smrkem,8,20,15.45,15.32,87,2.82,Rain,0.25
2023-07-02,Nové Město pod Smrkem,8,40,15.3,15.29,92,2.81,Rain,0.12
2023-07-02,Nové Město pod Smrkem,9,0,15.3,15.29,92,2.81,Rain,0.12
2023-07-02,Nové Město pod Smrkem,9,20,15.18,15.16,92,2.81,Rain,0.12
2023-07-02,Nové Město pod Smrkem,9,40,16.33,16.16,82,3.17,Rain,1.35
2023-07-02,Nové Město pod Smrkem,10,0,16.17,16.19,90,3.17,Rain,1.35
2023-07-02,Nové Město pod Smrkem,10,20,16.21,16.21,89,3.17,Rain,1.35
2023-07-02,Nové Město pod Smrkem,10,40,16.62,16.56,85,3.36,Clouds,0.0
2023-07-02,Nové Město pod Smrkem,11,0,16.67,16.56,83,3.36,Clouds,0.0
2023-07-02,Nové Město pod Smrkem,11,20,16.8,16.57,78,3.36,Clouds,0.0
2023-07-02,Nové Město pod Smrkem,11,40,18.69,18.57,75,2.64,Clouds,0.0
2023-07-02,Nové Město pod Smrkem,12,0,18.78,18.52,69,2.64,Clouds,0.0
2023-07-02,Nové Město pod Smrkem,12,20,18.82,18.4,63,2.64,Clouds,0.0
2023-07-02,Nové Město pod Smrkem,12,40,19.7,19.27,59,3.58,Clouds,0.0
2023-07-02,Nové Město pod Smrkem,13,0,19.56,19.11,59,3.58,Clouds,0.0
2023-07-02,Nové Město pod Smrkem,13,20,19.7,19.21,57,3.58,Clouds,0.0
2023-07-02,Nové Město pod Smrkem,13,40,20.04,19.51,54,4.42,Rain,0.1
2023-07-02,Nové Město pod Smrkem,14,0,20.13,19.58,53,4.42,Rain,0.1
2023-07-02,Nové Město pod Smrkem,14,20,20.13,19.56,52,4.42,Rain,0.1
2023-07-02,Nové Město pod Smrkem,14,40,20.88,20.56,59,4.51,Clouds,0.0
2023-07-02,Nové Město pod Smrkem,15,0,20.88,20.56,59,4.51,Clouds,0.0
2023-07-02,Nové Město pod Smrkem,15,20,20.88,20.56,59,4.51,Clouds,0.0
2023-07-02,Nové Město pod Smrkem,15,40,20.94,20.55,56,4.71,Clouds,0.0
2023-07-02,Nové Město pod Smrkem,16,0,20.94,20.55,56,4.71,Clouds,0.0
2023-07-02,Nové Město pod Smrkem,16,20,20.94,20.55,56,4.71,Clouds,0.0
2023-07-02,Nové Město pod Smrkem,16,40,20.92,20.5,55,4.79,Clouds,0.0
2023-07-02,Nové Město pod Smrkem,17,0,20.92,20.5,55,4.79,Clouds,0.0
2023-07-02,Nové Město pod Smrkem,17,20,20.93,20.38,50,4.79,Clouds,0.0
2023-07-02,Nové Město pod Smrkem,17,40,20.75,20.29,54,4.68,Clouds,0.0
2023-07-02,Nové Město pod Smrkem,18,0,20.75,20.24,52,4.68,Clouds,0.0
2023-07-02,Nové Město pod Smrkem,18,20,20.8,20.29,52,4.68,Clouds,0.0
2023-07-02,Nové Město pod Smrkem,18,40,20.12,19.6,54,3.92,Clouds,0.0
2023-07-02,Nové Město pod Smrkem,19,0,20.12,19.6,54,3.92,Clouds,0.0
2023-07-02,Nové Město pod Smrkem,19,20,20.12,19.6,54,3.92,Clouds,0.0
2023-07-02,Nové Město pod Smrkem,19,40,19.15,18.61,57,3.08,Clouds,0.0
2023-07-15,Louňovice,8,0,20.84,20.7,66,1.97,Clear,0.0
2023-07-15,Louňovice,8,20,20.84,20.7,66,1.97,Clear,0.0
2023-07-15,Louňovice,8,40,23.8,23.7,56,2.4,Clear,0.0
2023-07-15,Louňovice,9,0,23.8,23.7,56,2.4,Clear,0.0
2023-07-15,Louňovice,9,20,23.8,23.7,56,2.4,Clear,0.0
2023-07-15,Louňovice,9,40,26.72,26.9,45,2.61,Clear,0.0
2023-07-15,Louňovice,10,0,26.72,26.9,45,2.61,Clear,0.0
2023-07-15,Louňovice,10,20,26.72,26.9,45,2.61,Clear,0.0
2023-07-15,Louňovice,10,40,28.68,28.13,38,2.95,Clear,0.0
2023-07-15,Louňovice,11,0,28.68,28.13,38,2.95,Clear,0.0
2023-07-15,Louňovice,11,20,28.68,28.13,38,2.95,Clear,0.0
2023-07-15,Louňovice,11,40,30.58,29.89,36,2.24,Clear,0.0
2023-07-15,Louňovice,12,0,30.58,29.89,36,2.24,Clear,0.0
2023-07-15,Louňovice,12,20,30.58,29.89,36,2.24,Clear,0.0
2023-07-15,Louňovice,12,40,31.8,30.95,33,2.69,Clear,0.0
2023-07-15,Louňovice,13,0,31.8,30.95,33,2.69,Clear,0.0
2023-07-15,Louňovice,13,20,31.8,30.95,33,2.69,Clear,0.0
2023-07-15,Louňovice,13,40,32.92,32.04,31,3.26,Clear,0.0
2023-07-15,Louňovice,14,0,32.92,32.04,31,3.26,Clear,0.0
2023-07-15,Louňovice,14,20,32.92,32.04,31,3.26,Clear,0.0
2023-07-15,Louňovice,14,40,33.56,32.55,29,3.13,Clear,0.0
2023-07-15,Louňovice,15,0,33.56,32.55,29,3.13,Clear,0.0
2023-07-15,Louňovice,15,20,33.56,32.55,29,3.13,Clear,0.0
2023-07-15,Louňovice,15,40,34.23,33.25,28,3.16,Clear,0.0
2023-07-15,Louňovice,16,0,34.23,33.25,28,3.16,Clear,0.0
2023-07-15,Louňovice,16,20,34.23,33.25,28,3.16,Clear,0.0
2023-07-15,Louňovice,16,40,34.43,33.69,29,3.49,Clouds,0.0
2023-07-15,Louňovice,17,0,34.43,33.69,29,3.49,Clouds,0.0
2023-07-15,Louňovice,17,20,34.43,33.69,29,3.49,Clouds,0.0
2023-07-15,Louňovice,17,40,34.17,33.34,29,3.78,Clouds,0.0
2023-07-15,Louňovice,18,0,34.17,33.34,29,3.78,Clouds,0.0
2023-07-15,Louňovice,18,20,34.17,33.34,29,3.78,Clouds,0.0
2023-07-15,Louňovice,18,40,33.48,33.29,34,3.85,Clouds,0.0
2023-07-15,Louňovice,19,0,33.48,33.29,34,3.85,Clouds,0.0
2023-07-15,Louňovice,19,20,33.48,33.29,34,3.85,Clouds,0.0
2023-07-15,Louňovice,19,40,31.67,31.49,38,4.43,Clouds,0.0
2023-07-16,Louňovice,8,0,21.96,22.2,76,3.53,Clouds,0.0
2023-07-16,Louňovice,8,20,21.96,22.2,76,3.53,Clouds,0.0
2023-07-16,Louňovice,8,40,21.83,22.05,76,1.52,Clouds,0.0
2023-07-16,Louňovice,9,0,21.83,22.05,76,1.52,Clouds,0.0
2023-07-16,Louňovice,9,20,21.83,22.05,76,1.52,Clouds,0.0
2023-07-16,Louňovice,9,40,21.86,22.14,78,2.48,Clouds,0.0
2023-07-16,Louňovice,10,0,21.86,22.14,78,2.48,Clouds,0.0
2023-07-16,Louňovice,10,20,21.86,22.14,78,2.48,Clouds,0.0
2023-07-16,Louňovice,10,40,22.08,22.38,78,4.21,Clouds,0.0
2023-07-16,Louňovice,11,0,22.08,22.38,78,4.21,Clouds,0.0
2023-07-16,Louňovice,11,20,22.08,22.38,78,4.21,Clouds,0.0
2023-07-16,Louňovice,11,40,24.01,24.16,65,3.55,Clouds,0.0
2023-07-16,Louňovice,12,0,24.01,24.16,65,3.55,Clouds,0.0
2023-07-16,Louňovice,12,20,24.01,24.16,65,3.55,Clouds,0.0
2023-07-16,Louňovice,12,40,24.45,24.57,62,4.41,Clouds,0.0
2023-07-16,Louňovice,13,0,24.45,24.57,62,4.41,Clouds,0.0
2023-07-16,Louňovice,13,20,24.45,24.57,62,4.41,Clouds,0.0
2023-07-16,Louňovice,13,40,24.87,24.9,57,4.04,Clouds,0.0
2023-07-16,Louňovice,14,0,24.87,24.9,57,4.04,Clouds,0.0
2023-07-16,Louňovice,14,20,24.87,24.9,57,4.04,Clouds,0.0
2023-07-16,Louňovice,14,40,24.51,24.45,55,2.84,Clouds,0.0
2023-07-16,Louňovice,15,0,24.51,24.45,55,2.84,Clouds,0.0
2023-07-16,Louňovice,15,20,24.51,24.45,55,2.84,Clouds,0.0
2023-07-16,Louňovice,15,40,25.08,25.0,52,2.07,Clouds,0.0
2023-07-16,Louňovice,16,0,25.08,25.0,52,2.07,Clouds,0.0
2023-07-16,Louňovice,16,20,25.08,25.0,52,2.07,Clouds,0.0
2023-07-16,Louňovice,16,40,25.99,25.99,50,2.38,Clouds,0.0
2023-07-16,Louňovice,17,0,25.99,25.99,50,2.38,Clouds,0.0
2023-07-16,Louňovice,17,20,25.99,25.99,50,2.38,Clouds,0.0
2023-07-16,Louňovice,17,40,26.66,26.66,49,2.2,Clouds,0.0
2023-07-16,Louňovice,18,0,26.66,26.66,49,2.2,Clouds,0.0
2023-07-16,Louňovice,18,20,26.66,26.66,49,2.2,Clouds,0.0
2023-07-16,Louňovice,18,40,26.45,26.45,50,1.59,Clouds,0.0
2023-07-16,Louňovice,19,0,26.45,26.45,50,1.59,Clouds,0.0
2023-07-16,Louňovice,19,20,26.45,26.45,50,1.59,Clouds,0.0
2023-07-16,Louňovice,19,40,25.46,25.58,58,0.62,Clouds,0.0
2023-09-03,Blšany,8,0,15.15,15.18,94,1.13,Clouds,0.0
2023-09-03,Blšany,8,20,15.15,15.18,94,1.13,Clouds,0.0
2023-09-03,Blšany,8,40,16.64,16.71,90,1.1,Clouds,0.0
2023-09-03,Blšany,9,0,16.64,16.71,90,1.1,Clouds,0.0
2023-09-03,Blšany,9,20,16.64,16.71,90,1.1,Clouds,0.0
2023-09-03,Blšany,9,40,18.04,18.04,82,1.59,Clouds,0.0
2023-09-03,Blšany,10,0,18.04,18.04,82,1.59,Clouds,0.0
2023-09-03,Blšany,10,20,18.04,18.04,82,1.59,Clouds,0.0
2023-09-03,Blšany,10,40,19.31,19.25,75,2.34,Clouds,0.0
2023-09-03,Blšany,11,0,19.31,19.25,75,2.34,Clouds,0.0
2023-09-03,Blšany,11,20,19.31,19.25,75,2.34,Clouds,0.0
2023-09-03,Blšany,11,40,20.71,20.69,71,3.08,Clouds,0.0
2023-09-03,Blšany,12,0,20.71,20.69,71,3.08,Clouds,0.0
2023-09-03,Blšany,12,20,20.71,20.69,71,3.08,Clouds,0.0
2023-09-03,Blšany,12,40,21.16,21.11,68,3.24,Rain,0.13
2023-09-03,Blšany,13,0,21.16,21.11,68,3.24,Rain,0.13
2023-09-03,Blšany,13,20,21.16,21.11,68,3.24,Rain,0.13
2023-09-03,Blšany,13,40,21.48,21.41,66,3.42,Clouds,0.0
2023-09-03,Blšany,14,0,21.48,21.41,66,3.42,Clouds,0.0
2023-09-03,Blšany,14,20,21.48,21.41,66,3.42,Clouds,0.0
2023-09-03,Blšany,14,40,21.69,21.59,64,3.44,Clouds,0.0
2023-09-03,Blšany,15,0,21.69,21.59,64,3.44,Clouds,0.0
2023-09-03,Blšany,15,20,21.69,21.59,64,3.44,Clouds,0.0
2023-09-03,Blšany,15,40,21.9,21.76,62,3.72,Clouds,0.0
2023-09-03,Blšany,16,0,21.9,21.76,62,3.72,Clouds,0.0
2023-09-03,Blšany,16,20,21.9,21.76,62,3.72,Clouds,0.0
2023-09-03,Blšany,16,40,21.54,21.32,60,3.86,Clouds,0.0
2023-09-03,Blšany,17,0,21.54,21.32,60,3.86,Clouds,0.0
2023-09-03,Blšany,17,20,21.54,21.32,60,3.86,Clouds,0.0
2023-09-03,Blšany,17,40,20.43,20.1,60,4.0,Clouds,0.0
2023-09-03,Blšany,18,0,20.43,20.1,60,4.0,Clouds,0.0
2023-09-03,Blšany,18,20,20.43,20.1,60,4.0,Clouds,0.0
2023-09-03,Blšany,18,40,19.12,18.71,62,3.26,Clouds,0.0
2023-09-03,Blšany,19,0,19.12,18.71,62,3.26,Clouds,0.0
2023-09-03,Blšany,19,20,19.12,18.71,62,3.26,Clouds,0.0
2023-09-03,Blšany,19,40,17.46,16.98,66,2.44,Clouds,0.0
2023-09-04,Blšany,8,0,13.17,12.76,85,1.45,Clear,0.0
2023-09-04,Blšany,8,20,13.17,12.76,85,1.45,Clear,0.0
2023-09-04,Blšany,8,40,15.79,15.36,74,1.8,Clear,0.0
2023-09-04,Blšany,9,0,15.79,15.36,74,1.8,Clear,0.0
2023-09-04,Blšany,9,20,15.79,15.36,74,1.8,Clear,0.0
2023-09-04,Blšany,9,40,17.46,17.01,67,2.37,Clear,0.0
2023-09-04,Blšany,10,0,17.46,17.01,67,2.37,Clear,0.0
2023-09-04,Blšany,10,20,17.46,17.01,67,2.37,Clear,0.0
2023-09-04,Blšany,10,40,18.87,18.43,62,2.01,Clear,0.0
2023-09-04,Blšany,11,0,18.87,18.43,62,2.01,Clear,0.0
2023-09-04,Blšany,11,20,18.87,18.43,62,2.01,Clear,0.0
2023-09-04,Blšany,11,40,20.17,19.76,58,1.16,Clear,0.0
2023-09-04,Blšany,12,0,20.17,19.76,58,1.16,Clear,0.0
2023-09-04,Blšany,12,20,20.17,19.76,58,1.16,Clear,0.0
2023-09-04,Blšany,12,40,21.11,20.66,53,1.47,Clear,0.0
2023-09-04,Blšany,13,0,21.11,20.66,53,1.47,Clear,0.0
2023-09-04,Blšany,13,20,21.11,20.66,53,1.47,Clear,0.0
2023-09-04,Blšany,13,40,22.15,21.73,50,1.7,Clear,0.0
2023-09-04,Blšany,14,0,22.15,21.73,50,1.7,Clear,0.0
2023-09-04,Blšany,14,20,22.15,21.73,50,1.7,Clear,0.0
2023-09-04,Blšany,14,40,22.81,22.43,49,1.96,Clear,0.0
2023-09-04,Blšany,15,0,22.81,22.43,49,1.96,Clear,0.0
2023-09-04,Blšany,15,20,22.81,22.43,49,1.96,Clear,0.0
2023-09-04,Blšany,15,40,23.21,22.84,48,2.17,Clear,0.0
2023-09-04,Blšany,16,0,23.21,22.84,48,2.17,Clear,0.0
2023-09-04,Blšany,16,20,23.21,22.84,48,2.17,Clear,0.0
2023-09-04,Blšany,16,40,23.07,22.71,49,2.45,Clear,0.0
2023-09-04,Blšany,17,0,23.07,22.71,49,2.45,Clear,0.0
2023-09-04,Blšany,17,20,23.07,22.71,49,2.45,Clear,0.0
2023-09-04,Blšany,17,40,22.66,22.29,50,2.22,Clear,0.0
2023-09-04,Blšany,18,0,22.66,22.29,50,2.22,Clear,0.0
2023-09-04,Blšany,18,20,22.66,22.29,50,2.22,Clear,0.0
2023-09-04,Blšany,18,40,21.63,21.26,54,1.73,Clear,0.0
2023-09-04,Blšany,19,0,21.63,21.26,54,1.73,Clear,0.0
2023-09-04,Blšany,19,20,21.63,21.26,54,1.73,Clear,0.0
2023-09-04,Blšany,19,40,18.57,18.28,69,1.93,Clear,0.0
2023-09-16,Litomyšl,8,0,13.78,13.82,100,4.42,Clear,0.0
2023-09-16,Litomyšl,8,20,13.78,13.82,100,4.42,Clear,0.0
2023-09-16,Litomyšl,8,40,15.82,16.07,100,4.68,Clear,0.0
2023-09-16,Litomyšl,9,0,15.82,16.07,100,4.68,Clear,0.0
2023-09-16,Litomyšl,9,20,15.82,16.07,100,4.68,Clear,0.0
2023-09-16,Litomyšl,9,40,17.72,18.16,100,5.24,Clear,0.0
2023-09-16,Litomyšl,10,0,17.73,17.2,63,5.24,Clear,0.0
2023-09-16,Litomyšl,10,20,17.73,17.2,63,5.24,Clear,0.0
2023-09-16,Litomyšl,10,40,19.57,19.23,63,5.52,Clear,0.0
2023-09-16,Litomyšl,11,0,19.57,19.23,63,5.52,Clear,0.0
2023-09-16,Litomyšl,11,20,19.57,19.2,62,5.52,Clear,0.0
2023-09-16,Litomyšl,11,40,21.33,21.14,62,5.75,Clouds,0.0
2023-09-16,Litomyšl,12,0,21.33,21.09,60,5.75,Clouds,0.0
2023-09-16,Litomyšl,12,20,21.33,21.09,60,5.75,Clouds,0.0
2023-09-16,Litomyšl,12,40,22.44,22.31,60,5.92,Clouds,0.0
2023-09-16,Litomyšl,13,0,22.44,22.25,58,5.92,Clouds,0.0
2023-09-16,Litomyšl,13,20,22.44,22.2,56,5.92,Clouds,0.0
2023-09-16,Litomyšl,13,40,23.2,23.01,55,6.16,Clouds,0.0
2023-09-16,Litomyšl,14,0,23.2,22.99,54,6.16,Clouds,0.0
2023-09-16,Litomyšl,14,20,23.2,23.01,55,6.16,Clouds,0.0
2023-09-16,Litomyšl,14,40,23.51,23.35,55,5.96,Clouds,0.0
2023-09-16,Litomyšl,15,0,23.51,23.35,55,5.96,Clouds,0.0
2023-09-16,Litomyšl,15,20,23.51,23.35,55,5.96,Clouds,0.0
2023-09-16,Litomyšl,15,40,23.52,23.36,55,5.52,Clouds,0.0
2023-09-16,Litomyšl,16,0,23.52,23.36,55,5.52,Clouds,0.0
2023-09-16,Litomyšl,16,20,23.52,23.36,55,5.52,Clouds,0.0
2023-09-16,Litomyšl,16,40,23.13,22.93,55,5.12,Clouds,0.0
2023-09-16,Litomyšl,17,0,23.13,22.93,55,5.12,Clouds,0.0
2023-09-16,Litomyšl,17,20,23.13,22.93,55,5.12,Clouds,0.0
2023-09-16,Litomyšl,17,40,22.44,23.35,100,4.09,Clear,0.0
2023-09-16,Litomyšl,18,0,22.44,23.35,100,4.09,Clear,0.0
2023-09-16,Litomyšl,18,20,22.44,23.35,100,4.09,Clear,0.0
2023-09-16,Litomyšl,18,40,20.43,21.14,100,3.68,Clear,0.0
2023-09-16,Litomyšl,19,0,20.43,21.14,100,3.68,Clear,0.0
2023-09-16,Litomyšl,19,20,20.43,21.14,100,3.68,Clear,0.0
2023-09-16,Litomyšl,19,40,18.77,19.31,100,3.67,Clear,0.0
2023-09-17,Litomyšl,8,0,15.4,15.61,100,3.19,Clouds,0.0
2023-09-17,Litomyšl,8,20,15.4,15.61,100,3.19,Clouds,0.0
2023-09-17,Litomyšl,8,40,16.78,17.12,100,3.81,Clouds,0.0
2023-09-17,Litomyšl,9,0,16.78,17.12,100,3.81,Clouds,0.0
2023-09-17,Litomyšl,9,20,16.78,17.12,100,3.81,Clouds,0.0
2023-09-17,Litomyšl,9,40,18.55,19.07,100,3.53,Clouds,0.0
2023-09-17,Litomyšl,10,0,18.55,19.07,100,3.53,Clouds,0.0
2023-09-17,Litomyšl,10,20,18.55,19.07,100,3.53,Clouds,0.0
2023-09-17,Litomyšl,10,40,20.23,20.92,100,3.47,Clouds,0.0
2023-09-17,Litomyšl,11,0,20.23,20.92,100,3.47,Clouds,0.0
2023-09-17,Litomyšl,11,20,20.23,20.14,70,3.47,Clouds,0.0
2023-09-17,Litomyšl,11,40,21.08,21.05,69,2.72,Clouds,0.0
2023-09-17,Litomyšl,12,0,21.08,21.05,69,2.72,Clouds,0.0
2023-09-17,Litomyšl,12,20,21.09,20.95,65,2.72,Clouds,0.0
2023-09-17,Litomyšl,12,40,22.22,22.06,60,2.68,Clouds,0.0
2023-09-17,Litomyšl,13,0,22.22,22.19,65,2.68,Clouds,0.0
2023-09-17,Litomyšl,13,20,22.22,22.12,62,2.68,Clouds,0.0
2023-09-17,Litomyšl,13,40,23.13,23.07,60,2.6,Clouds,0.0
2023-09-17,Litomyšl,14,0,23.13,23.07,60,2.6,Clouds,0.0
2023-09-17,Litomyšl,14,20,23.13,23.01,58,2.6,Clouds,0.0
2023-09-17,Litomyšl,14,40,23.85,23.81,58,2.22,Clouds,0.0
2023-09-17,Litomyšl,15,0,23.85,23.81,58,2.22,Clouds,0.0
2023-09-17,Litomyšl,15,20,23.85,23.86,60,2.22,Clouds,0.0
2023-09-17,Litomyšl,15,40,24.31,24.39,61,1.44,Clear,0.0
2023-09-17,Litomyšl,16,0,24.3,24.35,60,1.44,Clear,0.0
2023-09-17,Litomyšl,16,20,24.31,24.36,60,1.44,Clear,0.0
2023-09-17,Litomyšl,16,40,24.33,24.28,56,0.77,Clouds,0.0
2023-09-17,Litomyšl,17,0,24.34,24.29,56,0.77,Clouds,0.0
2023-09-17,Litomyšl,17,20,24.33,25.43,100,0.77,Clouds,0.0
2023-09-17,Litomyšl,17,40,23.3,24.3,100,0.93,Clouds,0.0
2023-09-17,Litomyšl,18,0,23.3,24.3,100,0.93,Clouds,0.0
2023-09-17,Litomyšl,18,20,23.3,24.3,100,0.93,Clouds,0.0
2023-09-17,Litomyšl,18,40,20.29,20.99,100,2.28,Clouds,0.0
2023-09-17,Litomyšl,19,0,20.29,20.99,100,2.28,Clouds,0.0
2023-09-17,Litomyšl,19,20,20.29,20.99,100,2.28,Clouds,0.0
2023-09-17,Litomyšl,19,40,18.73,19.27,100,2.07,Clouds,0.0
2023-10-14,Vodňany,8,0,15.5,14.83,66,5.17,Clouds,0.0
2023-10-14,Vodňany,8,20,15.5,14.83,66,5.17,Clouds,0.0
2023-10-14,Vodňany,8,40,17.02,16.42,63,6.09,Clouds,0.0
2023-10-14,Vodňany,9,0,17.02,16.42,63,6.09,Clouds,0.0
2023-10-14,Vodňany,9,20,17.02,16.42,63,6.09,Clouds,0.0
2023-10-14,Vodňany,9,40,18.05,17.45,59,5.03,Clouds,0.0
2023-10-14,Vodňany,10,0,18.05,17.45,59,5.03,Clouds,0.0
2023-10-14,Vodňany,10,20,18.05,17.45,59,5.03,Clouds,0.0
2023-10-14,Vodňany,10,40,18.63,17.98,55,6.74,Clouds,0.0
2023-10-14,Vodňany,11,0,18.63,17.98,55,6.74,Clouds,0.0
2023-10-14,Vodňany,11,20,18.63,17.98,55,6.74,Clouds,0.0
2023-10-14,Vodňany,11,40,19.54,18.99,55,6.88,Clouds,0.0
2023-10-14,Vodňany,12,0,19.54,18.99,55,6.88,Clouds,0.0
2023-10-14,Vodňany,12,20,19.54,18.99,55,6.88,Clouds,0.0
2023-10-14,Vodňany,12,40,20.44,19.9,52,6.3,Clouds,0.0
2023-10-14,Vodňany,13,0,20.44,19.9,52,6.3,Clouds,0.0
2023-10-14,Vodňany,13,20,20.44,19.9,52,6.3,Clouds,0.0
2023-10-14,Vodňany,13,40,19.94,19.35,52,6.17,Rain,0.11
2023-10-14,Vodňany,14,0,19.94,19.35,52,6.17,Rain,0.11
2023-10-14,Vodňany,14,20,19.94,19.35,52,6.17,Rain,0.11
2023-10-14,Vodňany,14,40,18.42,17.96,63,5.08,Rain,0.22
2023-10-14,Vodňany,15,0,18.42,17.96,63,5.08,Rain,0.22
2023-10-14,Vodňany,15,20,18.42,17.96,63,5.08,Rain,0.22
2023-10-14,Vodňany,15,40,17.67,17.24,67,4.04,Rain,0.76
2023-10-14,Vodňany,16,0,17.67,17.24,67,4.04,Rain,0.76
2023-10-14,Vodňany,16,20,17.67,17.24,67,4.04,Rain,0.76
2023-10-14,Vodňany,16,40,16.08,16.02,87,2.98,Rain,0.8
2023-10-14,Vodňany,17,0,16.08,16.02,87,2.98,Rain,0.8
2023-10-14,Vodňany,17,20,16.08,16.02,87,2.98,Rain,0.8
2023-10-14,Vodňany,17,40,15.13,14.97,87,2.58,Rain,0.59
2023-10-14,Vodňany,18,0,15.13,14.97,87,2.58,Rain,0.59
2023-10-14,Vodňany,18,20,15.13,14.97,87,2.58,Rain,0.59
2023-10-14,Vodňany,18,40,14.05,13.63,81,3.97,Rain,0.66
2023-10-14,Vodňany,19,0,14.05,13.63,81,3.97,Rain,0.66
2023-10-14,Vodňany,19,20,14.05,13.63,81,3.97,Rain,0.66
2023-10-14,Vodňany,19,40,12.87,12.33,81,3.93,Rain,0.59
2023-10-15,Vodňany,8,0,6.63,4.28,81,3.28,Clouds,0.0
2023-10-15,Vodňany,8,20,6.63,4.28,81,3.28,Clouds,0.0
2023-10-15,Vodňany,8,40,7.31,5.21,81,3.11,Rain,0.21
2023-10-15,Vodňany,9,0,7.31,5.21,81,3.11,Rain,0.21
2023-10-15,Vodňany,9,20,7.31,5.21,81,3.11,Rain,0.21
2023-10-15,Vodňany,9,40,8.19,6.04,75,3.5,Clouds,0.0
2023-10-15,Vodňany,10,0,8.19,6.04,75,3.5,Clouds,0.0
2023-10-15,Vodňany,10,20,8.19,6.04,75,3.5,Clouds,0.0
2023-10-15,Vodňany,10,40,9.23,7.24,70,3.63,Clouds,0.0
2023-10-15,Vodňany,11,0,9.23,7.24,70,3.63,Clouds,0.0
2023-10-15,Vodňany,11,20,9.23,7.24,70,3.63,Clouds,0.0
2023-10-15,Vodňany,11,40,9.5,8.01,66,2.83,Rain,0.12
2023-10-15,Vodňany,12,0,9.5,8.01,66,2.83,Rain,0.12
2023-10-15,Vodňany,12,20,9.5,8.01,66,2.83,Rain,0.12
2023-10-15,Vodňany,12,40,9.59,7.96,61,3.11,Rain,0.18
2023-10-15,Vodňany,13,0,9.59,7.96,61,3.11,Rain,0.18
2023-10-15,Vodňany,13,20,9.59,7.96,61,3.11,Rain,0.18
2023-10-15,Vodňany,13,40,9.57,7.79,61,3.36,Rain,0.33
2023-10-15,Vodňany,14,0,9.57,7.79,61,3.36,Rain,0.33
2023-10-15,Vodňany,14,20,9.57,7.79,61,3.36,Rain,0.33
2023-10-15,Vodňany,14,40,8.87,6.7,61,3.83,Rain,0.43
2023-10-15,Vodňany,15,0,8.87,6.7,61,3.83,Rain,0.43
2023-10-15,Vodňany,15,20,8.87,6.7,61,3.83,Rain,0.43
2023-10-15,Vodňany,15,40,8.59,6.3,57,3.94,Rain,0.16
2023-10-15,Vodňany,16,0,8.59,6.3,57,3.94,Rain,0.16
2023-10-15,Vodňany,16,20,8.59,6.3,57,3.94,Rain,0.16
2023-10-15,Vodňany,16,40,8.1,5.3,61,4.8,Rain,0.23
2023-10-15,Vodňany,17,0,8.1,5.3,61,4.8,Rain,0.23
2023-10-15,Vodňany,17,20,8.1,5.3,61,4.8,Rain,0.23
2023-10-15,Vodňany,17,40,6.05,2.72,70,4.85,Rain,0.37
2023-10-15,Vodňany,18,0,6.05,2.72,70,4.85,Rain,0.37
2023-10-15,Vodňany,18,20,6.05,2.72,70,4.85,Rain,0.37
2023-10-15,Vodňany,18,40,5.08,1.99,75,3.94,Rain,0.15
2023-10-15,Vodňany,19,0,5.08,1.99,75,3.94,Rain,0.15
2023-10-15,Vodňany,19,20,5.08,1.99,75,3.94,Rain,0.15
2023-10-15,Vodňany,19,40,4.76,1.58,80,3.98,Clouds,0.0
2023-07-29,Tápiószentmárton,8,0,22.64,23.13,83,0.81,Clouds,0.0
2023-07-29,Tápiószentmárton,8,20,22.8,23.22,80,0.81,Clouds,0.0
2023-07-29,Tápiószentmárton,8,40,24.99,25.42,72,1.32,Clouds,0.0
2023-07-29,Tápiószentmárton,9,0,25.14,25.56,71,1.32,Clouds,0.0
2023-07-29,Tápiószentmárton,9,20,25.21,25.51,66,0.45,Clouds,0.0
2023-07-29,Tápiószentmárton,9,40,27.0,28.01,59,1.86,Clouds,0.0
2023-07-29,Tápiószentmárton,10,0,27.0,27.94,58,0.45,Clouds,0.0
2023-07-29,Tápiószentmárton,10,20,27.15,28.05,57,0.45,Clouds,0.0
2023-07-29,Tápiószentmárton,10,40,28.45,29.29,53,0.89,Clouds,0.0
2023-07-29,Tápiószentmárton,11,0,28.53,29.4,53,0.89,Clouds,0.0
2023-07-29,Tápiószentmárton,11,20,28.53,29.4,53,0.45,Clouds,0.0
2023-07-29,Tápiószentmárton,11,40,29.74,31.13,53,0.45,Clouds,0.0
2023-07-29,Tápiószentmárton,12,0,29.82,30.35,47,0.45,Clouds,0.0
2023-07-29,Tápiószentmárton,12,20,29.89,30.31,46,0.89,Clouds,0.0
2023-07-29,Tápiószentmárton,12,40,30.51,31.0,45,0.45,Clouds,0.0
2023-07-29,Tápiószentmárton,13,0,30.66,30.9,43,0.45,Clouds,0.0
2023-07-29,Tápiószentmárton,13,20,30.59,30.53,41,0.89,Clouds,0.0
2023-07-29,Tápiószentmárton,13,40,31.34,31.06,38,0.45,Clouds,0.0
2023-07-29,Tápiószentmárton,14,0,31.34,31.06,38,0.89,Clouds,0.0
2023-07-29,Tápiószentmárton,14,20,31.41,31.15,38,0.89,Clouds,0.0
2023-07-29,Tápiószentmárton,14,40,31.48,31.55,40,0.89,Clouds,0.0
2023-07-29,Tápiószentmárton,15,0,31.48,31.88,42,0.45,Clouds,0.0
2023-07-29,Tápiószentmárton,15,20,31.55,31.65,40,0.45,Clouds,0.0
2023-07-29,Tápiószentmárton,15,40,31.57,32.01,42,3.48,Clouds,0.0
2023-07-29,Tápiószentmárton,16,0,31.65,32.13,42,0.45,Clouds,0.0
2023-07-29,Tápiószentmárton,16,20,31.73,31.9,40,0.45,Clouds,0.0
2023-07-29,Tápiószentmárton,16,40,31.1,31.04,40,0.45,Clouds,0.0
2023-07-29,Tápiószentmárton,17,0,31.1,31.19,41,0.45,Clouds,0.0
2023-07-29,Tápiószentmárton,17,20,31.03,31.1,41,0.45,Clouds,0.0
2023-07-29,Tápiószentmárton,17,40,30.06,30.13,43,3.53,Clouds,0.0
2023-07-29,Tápiószentmárton,18,0,29.91,30.33,46,3.53,Clouds,0.0
2023-07-29,Tápiószentmárton,18,20,30.06,30.39,45,0.45,Clouds,0.0
2023-07-29,Tápiószentmárton,18,40,29.0,29.31,47,2.78,Clouds,0.0
2023-07-29,Tápiószentmárton,19,0,28.7,29.87,55,2.78,Clouds,0.0
2023-07-29,Tápiószentmárton,19,20,28.94,29.02,45,2.78,Clouds,0.0
2023-07-29,Tápiószentmárton,19,40,26.45,26.45,68,2.16,Clouds,0.0
2023-07-30,Tápiószentmárton,8,0,22.49,22.99,84,1.68,Clouds,0.0
2023-07-30,Tápiószentmárton,8,20,22.64,23.05,80,1.68,Clouds,0.0
2023-07-30,Tápiószentmárton,8,40,23.68,24.11,77,1.59,Rain,0.44
2023-07-30,Tápiószentmárton,9,0,23.75,24.11,74,0.45,Rain,0.44
2023-07-30,Tápiószentmárton,9,20,23.83,24.15,72,1.59,Rain,0.44
2023-07-30,Tápiószentmárton,9,40,24.26,24.6,71,1.88,Rain,0.39
2023-07-30,Tápiószentmárton,10,0,24.41,24.66,67,1.88,Rain,0.39
2023-07-30,Tápiószentmárton,10,20,24.41,24.66,67,1.88,Rain,0.39
2023-07-30,Tápiószentmárton,10,40,23.67,23.95,71,2.56,Rain,0.49
2023-07-30,Tápiószentmárton,11,0,23.67,23.95,71,2.56,Rain,0.49
2023-07-30,Tápiószentmárton,11,20,23.67,23.95,71,2.56,Rain,0.49
2023-07-30,Tápiószentmárton,11,40,24.05,24.5,76,3.2,Rain,1.52
2023-07-30,Tápiószentmárton,12,0,24.05,24.5,76,3.2,Rain,1.52
2023-07-30,Tápiószentmárton,12,20,24.05,24.5,76,3.2,Rain,1.52
2023-07-30,Tápiószentmárton,12,40,22.79,23.32,84,2.82,Rain,2.44
2023-07-30,Tápiószentmárton,13,0,22.79,23.32,84,2.82,Rain,2.44
2023-07-30,Tápiószentmárton,13,20,22.64,23.0,78,0.89,Rain,2.44
2023-07-30,Tápiószentmárton,13,40,21.85,22.34,86,0.45,Rain,2.58
2023-07-30,Tápiószentmárton,14,0,21.93,22.45,87,0.45,Rain,2.58
2023-07-30,Tápiószentmárton,14,20,21.85,22.36,87,0.45,Rain,2.58
2023-07-30,Tápiószentmárton,14,40,21.5,22.0,88,2.59,Rain,2.41
2023-07-30,Tápiószentmárton,15,0,21.58,22.04,86,0.45,Rain,2.41
2023-07-30,Tápiószentmárton,15,20,21.58,22.04,86,2.59,Rain,2.41
2023-07-30,Tápiószentmárton,15,40,22.0,22.34,80,2.22,Rain,1.35
2023-07-30,Tápiószentmárton,16,0,21.88,22.45,89,2.22,Rain,1.35
2023-07-30,Tápiószentmárton,16,20,21.88,22.45,89,2.22,Rain,1.35
2023-07-30,Tápiószentmárton,16,40,23.36,23.58,70,0.45,Rain,0.46
2023-07-30,Tápiószentmárton,17,0,23.02,23.47,80,1.23,Rain,0.46
2023-07-30,Tápiószentmárton,17,20,23.02,23.47,80,1.23,Rain,0.46
2023-07-30,Tápiószentmárton,17,40,24.07,24.36,70,0.45,Clouds,0.0
2023-07-30,Tápiószentmárton,18,0,23.92,24.22,71,0.45,Clouds,0.0
2023-07-30,Tápiószentmárton,18,20,24.07,24.18,63,0.89,Clouds,0.0
2023-07-30,Tápiószentmárton,18,40,23.64,23.86,69,0.45,Clouds,0.0
2023-07-30,Tápiószentmárton,19,0,23.57,23.86,72,0.45,Clouds,0.0
2023-07-30,Tápiószentmárton,19,20,23.42,23.8,76,1.92,Clouds,0.0
2023-07-30,Tápiószentmárton,19,40,22.62,23.03,80,1.35,Clouds,0.0
